gse_id,nnz,nrows,ncols,experiment,codec,level,file_bytes,raw_int32_bytes,ratio_vs_int32,ratio_vs_theory,write_median_s,read_median_s,write_mbps,read_mbps,H_value_bits,H_gap_bits,pz_default_bytes
GSE135310,1008035,171540,81855,entropy,theory,0,1687187,8064280,4.779718544859012,1.0,0,0,0,0,0.5581609021343122,13.547564644947924,3548775
GSE135310,1008035,171540,81855,entropy,value_entropy_only,0,70330,8064280,114.66227705178721,23.989336605419187,0,0,0,0,0.5581609021343122,13.547564644947924,3548775
GSE135310,1008035,171540,81855,zstd_level,zstd-1,1,2652024,8064280,3.040802044023734,1.5718611325761476,0.06852704798802733,0.051973397843539715,117.68024797170523,155.16168529670972,0.5581609021343122,13.547564644947924,3548775
GSE135310,1008035,171540,81855,zstd_level,zstd-2,2,2646937,8064280,3.046645991196617,1.5688460551932073,0.0688055045902729,0.05184125807136297,117.20399476788452,155.5571816736966,0.5581609021343122,13.547564644947924,3548775
GSE135310,1008035,171540,81855,zstd_level,zstd-3,3,2640128,8064280,3.0545034180160964,1.564810344184668,0.06900195637717843,0.0519661633297801,116.87030953034201,155.18328626309471,0.5581609021343122,13.547564644947924,3548775
GSE135310,1008035,171540,81855,zstd_level,zstd-4,4,2646027,8064280,3.0476937688088594,1.568306695960167,0.0908655971288681,0.05178125388920307,88.74954058314299,155.7374415315479,0.5581609021343122,13.547564644947924,3548775
GSE135310,1008035,171540,81855,zstd_level,zstd-5,5,2640001,8064280,3.0546503580869855,1.5647350709730237,0.07165460474789143,0.05172978434711695,112.54377898494104,155.89239548897223,0.5581609021343122,13.547564644947924,3548775
GSE135310,1008035,171540,81855,zstd_level,zstd-6,6,2627725,8064280,3.0689208345622165,1.5574590556490655,0.07285163598135114,0.051996510941535234,110.69456287933366,155.09271399128028,0.5581609021343122,13.547564644947924,3548775
GSE135310,1008035,171540,81855,zstd_level,zstd-7,7,2625230,8064280,3.0718375151891455,1.555980263026609,0.07678348990157247,0.05207039788365364,105.02622387101019,154.87264026710278,0.5581609021343122,13.547564644947924,3548775
GSE135310,1008035,171540,81855,zstd_level,zstd-8,8,2622092,8064280,3.0755137500896232,1.5541203627263012,0.09774035587906837,0.060134696308523417,82.50716837963763,134.10361230770826,0.5581609021343122,13.547564644947924,3548775
GSE135310,1008035,171540,81855,zstd_level,zstd-9,9,2618863,8064280,3.079305790337257,1.5522065265026892,0.08447087788954377,0.051943899132311344,95.46816845617556,155.24980093347807,0.5581609021343122,13.547564644947924,3548775
GSE135310,1008035,171540,81855,zstd_level,zstd-10,10,2616506,8064280,3.082079689479023,1.5508095268188695,0.07893315516412258,0.051816394086927176,102.16594006957231,155.6318254502883,0.5581609021343122,13.547564644947924,3548775
GSE135310,1008035,171540,81855,zstd_level,zstd-12,12,2611048,8064280,3.0885223098158288,1.547574556825536,0.08669297629967332,0.0522334729321301,93.02114593602191,154.38912152133508,0.5581609021343122,13.547564644947924,3548775
GSE135310,1008035,171540,81855,zstd_level,zstd-15,15,2605854,8064280,3.094678366477938,1.5444960602800293,0.10137267084792256,0.05197135824710131,79.55082896156388,155.16777455878372,0.5581609021343122,13.547564644947924,3548775
GSE135310,1008035,171540,81855,zstd_level,zstd-19,19,2588052,8064280,3.1159652124454995,1.5339447711958731,0.14676385326310992,0.05168677540495992,54.94731720856917,156.02211468634476,0.5581609021343122,13.547564644947924,3548775
GSE135310,1008035,171540,81855,zstd_level,zstd-22,22,2587984,8064280,3.116047085298827,1.5339044674290085,0.14708576118573546,0.05162919918075204,54.827060994821046,156.19610855801258,0.5581609021343122,13.547564644947924,3548775
GSE135310,1008035,171540,81855,alt_codec_raw,lz4-0,0,3556116,8064280,2.26772130043002,2.1077186795187974,0.015313513111323118,0.004616172052919865,526.6120152427408,1746.9626148139573,0.5581609021343122,13.547564644947924,3548775
GSE135310,1008035,171540,81855,alt_codec_raw,lz4-9,9,2572075,8064280,3.1353207041007747,1.5244751640900667,0.660145410336554,0.004124907776713371,12.215914666268276,1955.020678407852,0.5581609021343122,13.547564644947924,3548775
GSE135310,1008035,171540,81855,alt_codec_raw,gzip-1,1,2454777,8064280,3.285137509435684,1.4549523516536342,0.0946198902092874,0.02402429236099124,85.22816906849943,335.6719057038344,0.5581609021343122,13.547564644947924,3548775
GSE135310,1008035,171540,81855,alt_codec_raw,gzip-6,6,2173554,8064280,3.710181573588694,1.2882707894632235,0.5201802784577012,0.021957254502922297,15.502856094256469,367.27178249569965,0.5581609021343122,13.547564644947924,3548775
GSE135310,1008035,171540,81855,alt_codec_raw,gzip-9,9,2133657,8064280,3.7795578202119646,1.2646237396603595,1.7574027967639267,0.024570647161453962,4.5887488143580555,328.20787938590047,0.5581609021343122,13.547564644947924,3548775
GSE135310,1008035,171540,81855,alt_codec_raw,bz2-9,9,1675272,8064280,4.813713832738803,0.9929378253338235,1.4322082288563251,0.2794971186667681,5.630661685584397,28.85281980174787,0.5581609021343122,13.547564644947924,3548775
GSE135310,1008035,171540,81855,alt_codec_raw,brotli-1,1,2371669,8064280,3.400255263276621,1.4056940361157138,0.03494218410924077,0.0320293833501637,230.78923672282207,251.77756036813568,0.5581609021343122,13.547564644947924,3548775
GSE135310,1008035,171540,81855,alt_codec_raw,brotli-4,4,2056726,8064280,3.9209306441402503,1.2190265471801196,0.12117167422547936,0.023216426372528076,66.55251775257129,347.35233883981545,0.5581609021343122,13.547564644947924,3548775
GSE135310,1008035,171540,81855,alt_codec_raw,brotli-11,11,1676340,8064280,4.810647004784232,0.9935708315545785,22.106517451815307,0.018981609027832747,0.36479196768904865,424.84701840478016,0.5581609021343122,13.547564644947924,3548775
GSE135310,1008035,171540,81855,alt_codec_raw,lzma-6,6,1586832,8064280,5.0819998588382385,0.9405192203117594,2.2319377483800054,0.1021165200509131,3.6131294458607774,78.97135542789084,0.5581609021343122,13.547564644947924,3548775
GSE202575,4455296,72834,3778,entropy,theory,0,4769843,35642368,7.472439503467571,1.0,0,0,0,0,1.7799907382909843,6.785882632066644,3879115
GSE202575,4455296,72834,3778,entropy,value_entropy_only,0,991298,35642368,35.955243262359936,4.811714199315361,0,0,0,0,1.7799907382909843,6.785882632066644,3879115
GSE202575,4455296,72834,3778,zstd_level,zstd-1,1,3768676,35642368,9.457530443052148,0.7901047264359694,0.16015276918187737,0.033562605269253254,222.55230541485528,1061.9666654022242,1.7799907382909843,6.785882632066644,3879115
GSE202575,4455296,72834,3778,zstd_level,zstd-2,2,3790986,35642368,9.401872758168983,0.7947820286096736,0.16036071628332138,0.03334986511617899,222.26371162515846,1068.7409941789795,1.7799907382909843,6.785882632066644,3879115
GSE202575,4455296,72834,3778,zstd_level,zstd-3,3,3825361,35642368,9.317386777352517,0.8019887638055982,0.16761870682239532,0.03340445086359978,212.63955960336682,1066.9945794211164,1.7799907382909843,6.785882632066644,3879115
GSE202575,4455296,72834,3778,zstd_level,zstd-4,4,3837592,35642368,9.28769082278679,0.8045529988072376,0.17488771816715598,0.03343092184513807,203.8014354211733,1066.149721060819,1.7799907382909843,6.785882632066644,3879115
GSE202575,4455296,72834,3778,zstd_level,zstd-5,5,3807879,35642368,9.360162967363197,0.7983236541417391,0.1835642815567553,0.0334531981498003,194.1683191181173,1065.4397776976898,1.7799907382909843,6.785882632066644,3879115
GSE202575,4455296,72834,3778,zstd_level,zstd-6,6,3790764,35642368,9.402423363733538,0.7947354862034628,0.19143477268517017,0.033198218792676926,186.18544321943395,1073.6229019570837,1.7799907382909843,6.785882632066644,3879115
GSE202575,4455296,72834,3778,zstd_level,zstd-7,7,3786346,35642368,9.41339433849944,0.7938092503897728,0.19834228372201324,0.03325280174612999,179.70130892490167,1071.8605990590886,1.7799907382909843,6.785882632066644,3879115
GSE202575,4455296,72834,3778,zstd_level,zstd-8,8,3779312,35642368,9.430914409818506,0.7923345689245179,0.20214730314910412,0.03323915787041187,176.31879052925154,1072.3005720830058,1.7799907382909843,6.785882632066644,3879115
GSE202575,4455296,72834,3778,zstd_level,zstd-9,9,3778914,35642368,9.431907685647252,0.792251128034104,0.2093659369274974,0.037099587731063366,170.23957441722152,960.721403654757,1.7799907382909843,6.785882632066644,3879115
GSE202575,4455296,72834,3778,zstd_level,zstd-10,10,3775720,35642368,9.43988643225663,0.7915815044060085,0.22659369092434645,0.033036976121366024,157.29638303080569,1078.8629040703572,1.7799907382909843,6.785882632066644,3879115
GSE202575,4455296,72834,3778,zstd_level,zstd-12,12,3773788,35642368,9.444719205212376,0.7911764596816878,0.2967628357000649,0.032921053003519773,120.1038799751306,1082.6618454819557,1.7799907382909843,6.785882632066644,3879115
GSE202575,4455296,72834,3778,zstd_level,zstd-15,15,3772162,35642368,9.448790375386848,0.7908355680037656,0.38211998296901584,0.03303114324808121,93.275331279626,1079.0534173251929,1.7799907382909843,6.785882632066644,3879115
GSE202575,4455296,72834,3778,zstd_level,zstd-19,19,3779181,35642368,9.431241319217047,0.7923071047118441,0.6938269292004406,0.0339654921554029,51.37068986508482,1049.3699851874621,1.7799907382909843,6.785882632066644,3879115
GSE202575,4455296,72834,3778,zstd_level,zstd-22,22,3775630,35642368,9.440111451598806,0.7915626358629501,1.0881341211497784,0.04188619926571846,32.75549154026936,850.9334488405423,1.7799907382909843,6.785882632066644,3879115
GSE202575,4455296,72834,3778,alt_codec_raw,lz4-0,0,18638300,35642368,1.9123186127490168,3.907528512064059,0.07249591313302517,0.02393051190301776,491.64658336806696,1489.4110140412547,1.7799907382909843,6.785882632066644,3879115
GSE202575,4455296,72834,3778,alt_codec_raw,lz4-9,9,9941662,35642368,3.5851518589145357,2.084274194658515,3.5744000817649066,0.02422206662595272,9.971566468407508,1471.4833606233665,1.7799907382909843,6.785882632066644,3879115
GSE202575,4455296,72834,3778,alt_codec_raw,gzip-1,1,10591144,35642368,3.365299159373152,2.2204384066881735,0.4715598621405661,0.1451730546541512,75.58397323768716,245.51641545954624,1.7799907382909843,6.785882632066644,3879115
GSE202575,4455296,72834,3778,alt_codec_raw,gzip-6,6,9269296,35642368,3.845207661941101,1.9433123410805349,1.995184046216309,0.11608685832470655,17.864200582193213,307.0318941727644,1.7799907382909843,6.785882632066644,3879115
GSE202575,4455296,72834,3778,alt_codec_raw,gzip-9,9,8474125,35642368,4.20602339474577,1.7766043604993398,15.133076725061983,0.11545999813824892,2.3552624920596914,308.69884440256715,1.7799907382909843,6.785882632066644,3879115
GSE202575,4455296,72834,3778,alt_codec_raw,bz2-9,9,4794794,35642368,7.433555643892104,1.0052308560584216,3.636545638553798,1.2177454796619713,9.801160646006482,29.26914416458668,1.7799907382909843,6.785882632066644,3879115
GSE202575,4455296,72834,3778,alt_codec_raw,brotli-1,1,10114773,35642368,3.523793168665278,2.1205669986294735,0.16244929702952504,0.15603658324107528,219.40610794715857,228.4231509025856,1.7799907382909843,6.785882632066644,3879115
GSE202575,4455296,72834,3778,alt_codec_raw,brotli-4,4,7732568,35642368,4.609383066531067,1.6211365806685243,0.5191497718915343,0.0857445108704269,68.65527046296523,415.68104638046253,1.7799907382909843,6.785882632066644,3879115
GSE202575,4455296,72834,3778,alt_codec_raw,brotli-11,11,5329081,35642368,6.6882766465737715,1.1172443812256938,81.52354124002159,0.0718656568787992,0.43720338270220316,495.95828589044334,1.7799907382909843,6.785882632066644,3879115
GSE202575,4455296,72834,3778,alt_codec_raw,lzma-6,6,4936992,35642368,7.219450223942028,1.0350427347897695,19.242416735738516,0.3687412030994892,1.8522812643279996,96.65957506349898,1.7799907382909843,6.785882632066644,3879115
GSE295234,7923237,115818,80148,entropy,theory,0,11517842,63385896,5.503278795885144,1.0,0,0,0,0,0.7661629022286139,10.93962963478809,10479837
GSE295234,7923237,115818,80148,entropy,value_entropy_only,0,758811,63385896,83.53314916950019,15.178796544336214,0,0,0,0,0.7661629022286139,10.93962963478809,10479837
GSE295234,7923237,115818,80148,zstd_level,zstd-1,1,9443965,63385896,6.711788533735565,0.8199422207991104,0.15679825097322464,0.06835069600492716,404.25129493838534,927.3628463919481,0.7661629022286139,10.93962963478809,10479837
GSE295234,7923237,115818,80148,zstd_level,zstd-2,2,9483536,63385896,6.683782926537106,0.8233778470026426,0.1591925281099975,0.06886669574305415,398.17130083016303,920.4143645354592,0.7661629022286139,10.93962963478809,10479837
GSE295234,7923237,115818,80148,zstd_level,zstd-3,3,9535859,63385896,6.647109190687488,0.8279206250433143,0.16634152084589005,0.06919920910149813,381.0587740070319,915.9916250925436,0.7661629022286139,10.93962963478809,10479837
GSE295234,7923237,115818,80148,zstd_level,zstd-4,4,9534647,63385896,6.647954140305352,0.8278153969985674,0.17237170320004225,0.0691617070697248,367.7279670807619,916.4883095800113,0.7661629022286139,10.93962963478809,10479837
GSE295234,7923237,115818,80148,zstd_level,zstd-5,5,9499525,63385896,6.672533205607649,0.8247660410682027,0.1796575398184359,0.06891088979318738,352.81511738421085,919.8240828152303,0.7661629022286139,10.93962963478809,10479837
GSE295234,7923237,115818,80148,zstd_level,zstd-6,6,9440521,63385896,6.714237063823067,0.8196432064541365,0.18358874786645174,0.06865083100274205,345.2602446317075,923.3085029585184,0.7661629022286139,10.93962963478809,10479837
GSE295234,7923237,115818,80148,zstd_level,zstd-7,7,9447140,63385896,6.709532832158727,0.8202178800747469,0.18879375187680125,0.06867693783715367,335.74149234219857,922.9575166892305,0.7661629022286139,10.93962963478809,10479837
GSE295234,7923237,115818,80148,zstd_level,zstd-8,8,9430654,63385896,6.721261961259526,0.8187865355650951,0.1931504881940782,0.068632529117167,328.16844830498,923.5547169155004,0.7661629022286139,10.93962963478809,10479837
GSE295234,7923237,115818,80148,zstd_level,zstd-9,9,9422742,63385896,6.726905607730743,0.8180996013323907,0.1988440570421517,0.06860392168164253,318.77189061055634,923.9398338500698,0.7661629022286139,10.93962963478809,10479837
GSE295234,7923237,115818,80148,zstd_level,zstd-10,10,9409673,63385896,6.73624853913627,0.8169649269785971,0.2139786654151976,0.0694331731647253,296.225307681997,912.9050727614225,0.7661629022286139,10.93962963478809,10479837
GSE295234,7923237,115818,80148,zstd_level,zstd-12,12,9373708,63385896,6.762094146734675,0.8138423802547328,0.2743148747831583,0.06833882117643952,231.0698464678796,927.5239886908221,0.7661629022286139,10.93962963478809,10479837
GSE295234,7923237,115818,80148,zstd_level,zstd-15,15,9278560,63385896,6.831436774671932,0.8055814578111835,0.36015292815864086,0.06812366982921958,175.99716965810606,930.453338155493,0.7661629022286139,10.93962963478809,10479837
GSE295234,7923237,115818,80148,zstd_level,zstd-19,19,9279093,63385896,6.831044370392666,0.8056277338407628,0.6739321267232299,0.06881967280060053,94.05382750959325,921.0432630747249,0.7661629022286139,10.93962963478809,10479837
GSE295234,7923237,115818,80148,zstd_level,zstd-22,22,9259067,63385896,6.845818914583942,0.8038890400915035,0.7415106017142534,0.06843430688604712,85.4821169831719,926.2298236693849,0.7661629022286139,10.93962963478809,10479837
GSE295234,7923237,115818,80148,alt_codec_raw,lz4-0,0,28113577,63385896,2.254636469774017,2.4408718964954645,0.12168606789782643,0.04873583372682333,520.8969037706264,1300.6014497524343,0.7661629022286139,10.93962963478809,10479837
GSE295234,7923237,115818,80148,alt_codec_raw,lz4-9,9,18230427,63385896,3.4769287631057684,1.5827988350757403,4.927690906450152,0.04335505096241832,12.863204531970618,1462.0187173795534,0.7661629022286139,10.93962963478809,10479837
GSE295234,7923237,115818,80148,alt_codec_raw,gzip-1,1,19624103,63385896,3.2300022069798553,1.7038003206291514,0.776975785382092,0.22777924500405788,81.58027211726917,278.2777508937251,0.7661629022286139,10.93962963478809,10479837
GSE295234,7923237,115818,80148,alt_codec_raw,gzip-6,6,16616064,63385896,3.8147359085761825,1.442636902731019,3.461546517908573,0.18938329070806503,18.311438448701548,334.69634920278986,0.7661629022286139,10.93962963478809,10479837
GSE295234,7923237,115818,80148,alt_codec_raw,gzip-9,9,16179210,63385896,3.917737392616821,1.404708443770723,11.08944812323898,0.1854962557554245,5.715874703193651,341.7098406750261,0.7661629022286139,10.93962963478809,10479837
GSE295234,7923237,115818,80148,alt_codec_raw,bz2-9,9,10853733,63385896,5.8400087785465145,0.9423408430654487,12.10265955934301,2.135417870711535,5.2373526404836666,29.68313456086204,0.7661629022286139,10.93962963478809,10479837
GSE295234,7923237,115818,80148,alt_codec_raw,brotli-1,1,18204655,63385896,3.481850988112656,1.5805612631539432,0.2672653957270086,0.25241870107129216,237.16461993734464,251.11410418872862,0.7661629022286139,10.93962963478809,10479837
GSE295234,7923237,115818,80148,alt_codec_raw,brotli-4,4,14866388,63385896,4.263705212052853,1.2907268495786721,0.9192208461463451,0.17598310764878988,68.9561124138264,360.1817063402441,0.7661629022286139,10.93962963478809,10479837
GSE295234,7923237,115818,80148,alt_codec_raw,brotli-11,11,11214751,63385896,5.652010998728371,0.973685082552619,173.0062865759246,0.14146203780546784,0.3663791487263835,448.0770741275861,0.7661629022286139,10.93962963478809,10479837
GSE295234,7923237,115818,80148,alt_codec_raw,lzma-6,6,10837160,63385896,5.848939759125084,0.9409019450575353,23.271741847973317,0.6785392477177083,2.7237280481228843,93.41522426772039,0.7661629022286139,10.93962963478809,10479837
GSE223222,11530239,115818,6717,entropy,theory,0,12018523,92241912,7.674978959010498,1.0,0,0,0,0,1.2485776231824826,7.090403396865599,9926083
GSE223222,11530239,115818,6717,entropy,value_entropy_only,0,1799549,92241912,51.25832692473798,6.67862768073914,0,0,0,0,1.2485776231824826,7.090403396865599,9926083
GSE223222,11530239,115818,6717,zstd_level,zstd-1,1,9422351,92241912,9.789691765887303,0.7839857620190215,0.3002827800810337,0.06830402510240674,307.1834887605203,1350.460852954181,1.2485776231824826,7.090403396865599,9926083
GSE223222,11530239,115818,6717,zstd_level,zstd-2,2,9464965,92241912,9.745615752409016,0.7875314555792252,0.30162358563393354,0.06965502398088574,305.81796780292143,1324.2678952391489,1.2485776231824826,7.090403396865599,9926083
GSE223222,11530239,115818,6717,zstd_level,zstd-3,3,9539875,92241912,9.669090213446193,0.7937643345531505,0.3197721391916275,0.06927465880289674,288.4613782588572,1331.5390302022372,1.2485776231824826,7.090403396865599,9926083
GSE223222,11530239,115818,6717,zstd_level,zstd-4,4,9577024,92241912,9.631584091258413,0.7968553133410607,0.3306486289948225,0.06987213995307684,278.9726129529615,1320.15295455307,1.2485776231824826,7.090403396865599,9926083
GSE223222,11530239,115818,6717,zstd_level,zstd-5,5,9507252,92241912,9.702268541950923,0.7910499411375002,0.34428158309310675,0.07042167615145445,267.9257809008456,1309.851128814617,1.2485776231824826,7.090403396865599,9926083
GSE223222,11530239,115818,6717,zstd_level,zstd-6,6,9468635,92241912,9.741838395925072,0.7878368175580572,0.3525728560052812,0.06968640396371484,261.6251093323483,1323.6715736979288,1.2485776231824826,7.090403396865599,9926083
GSE223222,11530239,115818,6717,zstd_level,zstd-7,7,9462500,92241912,9.748154504623514,0.7873263555035246,0.3639122839085758,0.07070895796641707,253.4729276222332,1304.529364494523,1.2485776231824826,7.090403396865599,9926083
GSE223222,11530239,115818,6717,zstd_level,zstd-8,8,9447201,92241912,9.763940875186206,0.7860534037557996,0.37450363114476204,0.0701733692549169,246.30445295827977,1314.4860077177611,1.2485776231824826,7.090403396865599,9926083
GSE223222,11530239,115818,6717,zstd_level,zstd-9,9,9446469,92241912,9.7646974758505,0.7859924977698309,0.3857135199941695,0.07054759887978435,239.14617253083156,1307.5131324764652,1.2485776231824826,7.090403396865599,9926083
GSE223222,11530239,115818,6717,zstd_level,zstd-10,10,9437192,92241912,9.77429642207131,0.7852206059230668,0.42042270582169294,0.07045292388647795,219.40278372862446,1309.2701751971435,1.2485776231824826,7.090403396865599,9926083
GSE223222,11530239,115818,6717,zstd_level,zstd-12,12,9431838,92241912,9.779844819217633,0.7847751268945472,0.5322193307802081,0.070265491027385,173.3155987866464,1312.7626470873163,1.2485776231824826,7.090403396865599,9926083
GSE223222,11530239,115818,6717,zstd_level,zstd-15,15,9426652,92241912,9.78522512552707,0.7843436262890369,0.7249118941836059,0.07029356900602579,127.24568701398206,1312.2382787548136,1.2485776231824826,7.090403396865599,9926083
GSE223222,11530239,115818,6717,zstd_level,zstd-19,19,9314011,92241912,9.903564855141356,0.7749713432760622,1.3430719883181155,0.06728428229689598,68.6797973618015,1370.9280808402914,1.2485776231824826,7.090403396865599,9926083
GSE223222,11530239,115818,6717,zstd_level,zstd-22,22,9311364,92241912,9.906380203802579,0.7747510999087684,1.6412388938479125,0.06738885398954153,56.20261154287982,1368.8007220647432,1.2485776231824826,7.090403396865599,9926083
GSE223222,11530239,115818,6717,alt_codec_raw,lz4-0,0,50166395,92241912,1.8387191664858518,4.174089822361981,0.1684717107564211,0.07976404996588826,547.5216675003956,1156.434659968344,1.2485776231824826,7.090403396865599,9926083
GSE223222,11530239,115818,6717,alt_codec_raw,lz4-9,9,28619782,92241912,3.2230123905206547,2.3813060668285733,7.762617198750377,0.07516094716265798,11.882836630775644,1227.25850966695,1.2485776231824826,7.090403396865599,9926083
GSE223222,11530239,115818,6717,alt_codec_raw,gzip-1,1,26999917,92241912,3.4163776133089594,2.2465253633297393,1.2186973234638572,0.3745381967164576,75.68894279493806,246.28172188758444,1.2485776231824826,7.090403396865599,9926083
GSE223222,11530239,115818,6717,alt_codec_raw,gzip-6,6,24381606,92241912,3.783258248041577,2.0286690613794316,4.810376983135939,0.28134568640962243,19.17560979594295,327.8596987824484,1.2485776231824826,7.090403396865599,9926083
GSE223222,11530239,115818,6717,alt_codec_raw,gzip-9,9,23173796,92241912,3.9804403214734436,1.9281733524821303,23.118972424883395,0.268946451600641,3.9898794074739348,342.9750102707068,1.2485776231824826,7.090403396865599,9926083
GSE223222,11530239,115818,6717,alt_codec_raw,bz2-9,9,14313482,92241912,6.444407587196463,1.1909518222061084,16.71384082082659,2.8796869185753167,5.518893771266522,32.031923819564156,1.2485776231824826,7.090403396865599,9926083
GSE223222,11530239,115818,6717,alt_codec_raw,brotli-1,1,28065436,92241912,3.2866730450936164,2.3351817639627392,0.4069846975617111,0.40829596063122153,226.64712593036342,225.91923725474754,1.2485776231824826,7.090403396865599,9926083
GSE223222,11530239,115818,6717,alt_codec_raw,brotli-4,4,21049416,92241912,4.382160151141485,1.7514145294327694,1.3089943514205515,0.24158474057912827,70.4677693222258,381.8201090800569,1.2485776231824826,7.090403396865599,9926083
GSE223222,11530239,115818,6717,alt_codec_raw,brotli-11,11,14499058,92241912,6.361924478128166,1.2063926545177515,228.61533545795828,0.2047955640591681,0.4034808593011602,450.409716752215,1.2485776231824826,7.090403396865599,9926083
GSE223222,11530239,115818,6717,alt_codec_raw,lzma-6,6,13683060,92241912,6.741321897294903,1.138497623454273,40.527735078241676,1.0125748696736991,2.27601941786089,91.09638680814273,1.2485776231824826,7.090403396865599,9926083
GSE245073,15531226,171540,5724,entropy,theory,0,16219561,124249808,7.660491389883388,1.0,0,0,0,0,1.683080908799497,6.671551571880756,13312158
GSE245073,15531226,171540,5724,entropy,value_entropy_only,0,3267538,124249808,38.025504101077196,4.963846594918768,0,0,0,0,1.683080908799497,6.671551571880756,13312158
GSE245073,15531226,171540,5724,zstd_level,zstd-1,1,12518441,124249808,9.92534198148156,0.7718113294409533,0.49847914185374975,0.1082552163861692,249.25778747318984,1147.7489228488973,1.683080908799497,6.671551571880756,13312158
GSE245073,15531226,171540,5724,zstd_level,zstd-2,2,12588364,124249808,9.870210934478857,0.7761223585530048,0.5080817099660635,0.10935620591044426,244.54690173417,1136.1934786010468,1.683080908799497,6.671551571880756,13312158
GSE245073,15531226,171540,5724,zstd_level,zstd-3,3,12705687,124249808,9.779070427281894,0.7833557848721449,0.5271671218797565,0.11037919018417597,235.6933936944964,1125.6633410036789,1.683080908799497,6.671551571880756,13312158
GSE245073,15531226,171540,5724,zstd_level,zstd-4,4,12767577,124249808,9.731667018730336,0.7871715478077292,0.5552223520353436,0.11277700308710337,223.7838724333106,1101.7300034479158,1.683080908799497,6.671551571880756,13312158
GSE245073,15531226,171540,5724,zstd_level,zstd-5,5,12651150,124249808,9.82122637072519,0.7799933634273561,0.5874440246261656,0.1115679182112217,211.50918690350014,1113.6696820386019,1.683080908799497,6.671551571880756,13312158
GSE245073,15531226,171540,5724,zstd_level,zstd-6,6,12596723,124249808,9.863661207760146,0.7766377239170144,0.5929873860441148,0.11310005513951182,209.53195788680156,1098.5830895195822,1.683080908799497,6.671551571880756,13312158
GSE245073,15531226,171540,5724,zstd_level,zstd-7,7,12592444,124249808,9.86701294839985,0.7763739066670327,0.6119852140545845,0.11191187985241413,203.02746724354333,1110.2468135094928,1.683080908799497,6.671551571880756,13312158
GSE245073,15531226,171540,5724,zstd_level,zstd-8,8,12575189,124249808,9.880551934448063,0.7753100677681232,0.627200024202466,0.11169242300093174,198.10236480458266,1112.4282620224249,1.683080908799497,6.671551571880756,13312158
GSE245073,15531226,171540,5724,zstd_level,zstd-9,9,12578981,124249808,9.877573390086209,0.7755438595446903,0.6487999218516052,0.11288226768374443,191.5071254099483,1100.7026218511426,1.683080908799497,6.671551571880756,13312158
GSE245073,15531226,171540,5724,zstd_level,zstd-10,10,12563751,124249808,9.889547158328751,0.7746048698935519,0.6950095812790096,0.11301625985652208,178.77423757431666,1099.3976278965458,1.683080908799497,6.671551571880756,13312158
GSE245073,15531226,171540,5724,zstd_level,zstd-12,12,12553180,124249808,9.897875120089093,0.7739531259932116,0.9297260651364923,0.11337424209341407,133.64130861681176,1095.9262501408837,1.683080908799497,6.671551571880756,13312158
GSE245073,15531226,171540,5724,zstd_level,zstd-15,15,12543672,124249808,9.905377627858892,0.7733669202412075,1.3555238521657884,0.11326001677662134,91.66183819006936,1097.0315168242773,1.683080908799497,6.671551571880756,13312158
GSE245073,15531226,171540,5724,zstd_level,zstd-19,19,12347163,124249808,10.06302484222489,0.7612513642756433,2.402185474988073,0.10711651295423508,51.72365302084632,1159.950082141724,1.683080908799497,6.671551571880756,13312158
GSE245073,15531226,171540,5724,zstd_level,zstd-22,22,12342939,124249808,10.066468610109796,0.7609909379928851,3.593542587943375,0.10741621721535921,34.5758551510891,1156.7136808671175,1.683080908799497,6.671551571880756,13312158
GSE245073,15531226,171540,5724,alt_codec_raw,lz4-0,0,72355078,124249808,1.7172230537848359,4.46097632628407,0.22852599853649735,0.10277049941942096,543.7009740498141,1209.002668099519,1.683080908799497,6.671551571880756,13312158
GSE245073,15531226,171540,5724,alt_codec_raw,lz4-9,9,39131827,124249808,3.1751599024497374,2.4126316863516304,11.824578769039363,0.10527958907186985,10.507757648443839,1180.1889530094954,1.683080908799497,6.671551571880756,13312158
GSE245073,15531226,171540,5724,alt_codec_raw,gzip-1,1,37047468,124249808,3.3538002651085357,2.28412272179109,1.7054559546522796,0.51678835041821,72.85430483329775,240.42687475337064,1.683080908799497,6.671551571880756,13312158
GSE245073,15531226,171540,5724,alt_codec_raw,gzip-6,6,33508627,124249808,3.707994600912774,2.0659391974296977,6.583489324897528,0.38794369949027896,18.87294136410466,320.27793765758383,1.683080908799497,6.671551571880756,13312158
GSE245073,15531226,171540,5724,alt_codec_raw,gzip-9,9,31704517,124249808,3.918993877118519,1.9547086905672442,46.66199793992564,0.3628323948942125,2.6627622794884123,342.4440864389364,1.683080908799497,6.671551571880756,13312158
GSE245073,15531226,171540,5724,alt_codec_raw,bz2-9,9,18894342,124249808,6.576032549850108,1.1649108078180055,13.48486669268459,3.895028764847666,9.214018264444862,31.899586755647334,1.683080908799497,6.671551571880756,13312158
GSE245073,15531226,171540,5724,alt_codec_raw,brotli-1,1,37959248,124249808,3.273242083194061,2.340337559881366,0.5961601263843477,0.5712936902418733,208.41683719030794,217.48850043730633,1.683080908799497,6.671551571880756,13312158
GSE245073,15531226,171540,5724,alt_codec_raw,brotli-4,4,28038851,124249808,4.431344494109263,1.728705904058405,1.7781382496468723,0.3223059638403356,69.87634849240506,385.50266498187125,1.683080908799497,6.671551571880756,13312158
GSE245073,15531226,171540,5724,alt_codec_raw,brotli-11,11,18997997,124249808,6.540153048766141,1.171301547955152,292.59638717910275,0.26706587988883257,0.42464573536905903,465.2402922144887,1.683080908799497,6.671551571880756,13312158
GSE245073,15531226,171540,5724,alt_codec_raw,lzma-6,6,17511424,124249808,7.095357179404713,1.079648451260362,68.60435318015516,1.2807623818516731,1.8111067627694089,97.0123808761191,1.683080908799497,6.671551571880756,13312158
GSE267467,20426509,171540,12884,entropy,theory,0,22455838,163412072,7.277041519028666,1.0,0,0,0,0,1.391600432699896,7.403875753665793,17283294
GSE267467,20426509,171540,12884,entropy,value_entropy_only,0,3553192,163412072,45.990212776688495,6.319905232975396,0,0,0,0,1.391600432699896,7.403875753665793,17283294
GSE267467,20426509,171540,12884,zstd_level,zstd-1,1,16456094,163412072,9.93018586306082,0.7328202733947252,0.40900425938889384,0.11048506526276469,399.5363575043427,1479.0421819578958,1.391600432699896,7.403875753665793,17283294
GSE267467,20426509,171540,12884,zstd_level,zstd-2,2,16536761,163412072,9.881746008181409,0.7364125239612286,0.41440438898280263,0.11082947719842196,394.32997416149817,1474.4459337964533,1.391600432699896,7.403875753665793,17283294
GSE267467,20426509,171540,12884,zstd_level,zstd-3,3,16679633,163412072,9.797102370297955,0.7427748781201469,0.42733907233923674,0.11067122593522072,382.394408977136,1476.5542770408101,1.391600432699896,7.403875753665793,17283294
GSE267467,20426509,171540,12884,zstd_level,zstd-4,4,16746989,163412072,9.757698652575696,0.745774365260581,0.4635561993345618,0.11142623610794544,352.51836181800434,1466.549330820909,1.391600432699896,7.403875753665793,17283294
GSE267467,20426509,171540,12884,zstd_level,zstd-5,5,16612904,163412072,9.836454361019603,0.7398033124482836,0.47036172542721033,0.11072473367676139,347.41787685122443,1475.8407319998503,1.391600432699896,7.403875753665793,17283294
GSE267467,20426509,171540,12884,zstd_level,zstd-6,6,16540631,163412072,9.879433982899442,0.7365848622122155,0.48086201678961515,0.1107984147965908,339.8315240013964,1474.8592955955185,1.391600432699896,7.403875753665793,17283294
GSE267467,20426509,171540,12884,zstd_level,zstd-7,7,16531260,163412072,9.885034292606855,0.7361675542664793,0.49760248186066747,0.11150762112811208,328.39882829554824,1465.4789542344772,1.391600432699896,7.403875753665793,17283294
GSE267467,20426509,171540,12884,zstd_level,zstd-8,8,16504908,163412072,9.900816896404391,0.734994051013247,0.5090582501143217,0.11144365789368749,321.0085917737346,1466.3200678129945,1.391600432699896,7.403875753665793,17283294
GSE267467,20426509,171540,12884,zstd_level,zstd-9,9,16504438,163412072,9.901098843838245,0.7349731210447809,0.523735960945487,0.11184291960671544,312.0123195378763,1461.085534735881,1.391600432699896,7.403875753665793,17283294
GSE267467,20426509,171540,12884,zstd_level,zstd-10,10,16487071,163412072,9.911528372747348,0.7341997364440338,0.5575387282297015,0.11203377600759268,293.09546355437305,1458.5964860179786,1.391600432699896,7.403875753665793,17283294
GSE267467,20426509,171540,12884,zstd_level,zstd-12,12,16477844,163412072,9.917078472159343,0.7337888410843808,0.7176192658953369,0.11154230078682303,227.7141651097105,1465.0233216213571,1.391600432699896,7.403875753665793,17283294
GSE267467,20426509,171540,12884,zstd_level,zstd-15,15,16467286,163412072,9.923436806769494,0.7333186738353057,0.9983274918049574,0.11176141118630767,163.68583790530903,1462.1511151786553,1.391600432699896,7.403875753665793,17283294
GSE267467,20426509,171540,12884,zstd_level,zstd-19,19,16327735,163412072,10.008251113825647,0.727104209942932,1.8347102929838002,0.10764596471562982,89.06696202932507,1518.0510707641338,1.391600432699896,7.403875753665793,17283294
GSE267467,20426509,171540,12884,zstd_level,zstd-22,22,16322971,163412072,10.01117210831288,0.7268920602200115,2.5162834087386727,0.10776439309120178,64.94183899655123,1516.3827987385703,1.391600432699896,7.403875753665793,17283294
GSE267467,20426509,171540,12884,alt_codec_raw,lz4-0,0,87850923,163412072,1.8601064897178143,3.912163932148112,0.32160741090774536,0.14235855638980865,508.11040559906604,1147.8907636049796,1.391600432699896,7.403875753665793,17283294
GSE267467,20426509,171540,12884,alt_codec_raw,lz4-9,9,48874510,163412072,3.343503024378147,2.176472240632147,14.472986797336489,0.13422456569969654,11.29083265867922,1217.452790017628,1.391600432699896,7.403875753665793,17283294
GSE267467,20426509,171540,12884,alt_codec_raw,gzip-1,1,49245583,163412072,3.318309217701819,2.192996806990932,2.212923306040466,0.66740144463256,73.84443534664993,244.84824435758756,1.391600432699896,7.403875753665793,17283294
GSE267467,20426509,171540,12884,alt_codec_raw,gzip-6,6,43652980,163412072,3.743434514665436,1.9439478613876702,8.292658948805183,0.49409443978220224,19.705630366427236,330.73044107120967,1.391600432699896,7.403875753665793,17283294
GSE267467,20426509,171540,12884,alt_codec_raw,gzip-9,9,41332337,163412072,3.9536131721755776,1.8406053405129381,47.657761606387794,0.4681451008655131,3.4288658655360997,349.06286896494595,1.391600432699896,7.403875753665793,17283294
GSE267467,20426509,171540,12884,alt_codec_raw,bz2-9,9,24675248,163412072,6.622509812262069,1.0988343883696001,23.276096040848643,4.831422803457826,7.020596225123756,33.82276373805388,1.391600432699896,7.403875753665793,17283294
GSE267467,20426509,171540,12884,alt_codec_raw,brotli-1,1,48540804,163412072,3.3664887792134635,2.1616116958301146,0.7368547259829938,0.7143801269121468,221.76972778725374,228.7466655971186,1.391600432699896,7.403875753665793,17283294
GSE267467,20426509,171540,12884,alt_codec_raw,brotli-4,4,36515459,163412072,4.475147690187874,1.6261008625445308,2.266298603732139,0.4212227868847549,72.10526968109724,387.94689434669397,1.391600432699896,7.403875753665793,17283294
GSE267467,20426509,171540,12884,alt_codec_raw,brotli-11,11,25187169,163412072,6.487909458978895,1.1216311764273557,401.61421919986606,0.35145323863253,0.40688816328656147,464.9610646236191,1.391600432699896,7.403875753665793,17283294
GSE267467,20426509,171540,12884,alt_codec_raw,lzma-6,6,23659080,163412072,6.906949551715451,1.0535825496541085,78.9257825659588,1.6637335889972746,2.070452350135844,98.22009550128021,1.391600432699896,7.403875753665793,17283294
