gse_id,species,protocol,nrows,ncols,nnz,raw_int32_bytes,pz_bytes,ratio,read_s,read_gbps,read_mbps
GSE205774,Homo sapiens,dropseq,115818,12,120272,962228,1059881,0.908,0.1139,0.008,8.5
GSE222456,Mus musculus,10xv3,171540,1209,399775,3203040,1970086,1.626,0.1834,0.017,17.5
GSE206940,Mus musculus,nan,171540,6730,749173,6020308,2447512,2.46,0.1897,0.032,31.7
GSE81747,Homo sapiens,dropseq,115818,1523,1156224,9255888,2010507,4.604,0.1163,0.08,79.6
GSE211242,Mus musculus,10xv3_5prime,171540,7464,1529846,12268628,3231251,3.797,0.1709,0.072,71.8
GSE145801,Danio rerio,dropseq,97560,1004,1714598,13720804,2366224,5.799,0.1053,0.13,130.3
GSE275790,Mus musculus,10xv3,171540,2497,1926899,15425184,3245903,4.752,0.1736,0.089,88.8
GSE272390,Mus musculus,10xv3_5prime,171540,6450,2204169,17659156,3782942,4.668,0.1724,0.102,102.4
GSE182208,Homo sapiens,10xv3,115818,2063,2500217,20009992,3000577,6.669,0.1161,0.172,172.3
GSE278765,Mus musculus,10xv3_5prime,171540,5657,2772326,22201240,4113263,5.397,0.1718,0.129,129.2
GSE136035,Homo sapiens,10xv3_5prime,115818,9742,3117642,24980108,4068518,6.14,0.1167,0.214,214.1
GSE255516,Homo sapiens,10xv2,115818,8067,3506251,28082280,4264340,6.585,0.1215,0.231,231.1
GSE214906,Homo sapiens,10xv2,115818,1100,3807636,30465492,4152695,7.336,0.1372,0.222,222.0
GSE103224,Homo sapiens,nan,115818,3276,4266121,34142076,4564048,7.481,0.1255,0.272,272.1
GSE137950,Homo sapiens,seqwell,115818,1817,4513734,36117144,4710767,7.667,0.1715,0.211,210.6
GSE189324,Homo sapiens,10xv3,115818,2944,4772719,38193532,4681714,8.158,0.1284,0.297,297.5
GSE134842,Homo sapiens,nan,115818,3218,5004556,40049324,4904400,8.166,0.1283,0.312,312.1
GSE144827,Danio rerio,10xv2,97560,2809,5404303,43245664,5471580,7.904,0.1235,0.35,350.1
GSE283288,Mus musculus,10x_suspect,171540,28967,5738943,46027416,5990116,7.684,0.1978,0.233,232.7
GSE135186,Mus musculus,10xv2,171540,3491,6012459,48113640,6366272,7.558,0.1859,0.259,258.8
GSE302157,Mus musculus,nan,171540,2845,6418131,51356432,6739601,7.62,0.2074,0.248,247.6
GSE311198,Mus musculus,10x_suspect,171540,22412,6672880,53472692,6832712,7.826,0.1918,0.279,278.8
GSE293930,Homo sapiens,10xv2,115818,486,6928185,55427428,6210081,8.925,0.1898,0.292,292.0
GSE299023,Homo sapiens,10xv3,115818,5161,7177429,57440080,7133454,8.052,0.136,0.422,422.4
GSE300482,Homo sapiens,10xv3,115818,27076,7532192,60365844,9218410,6.548,0.1531,0.394,394.3
GSE211400,Homo sapiens,10xv3_5prime,115818,45580,7936182,63671780,9699279,6.565,0.1726,0.369,368.9
GSE280450,Mus musculus,10xv3_5prime,171540,35851,8202093,65760152,10059884,6.537,0.2268,0.29,289.9
GSE150233,Homo sapiens,10xv3,115818,13589,8549317,68448896,8626363,7.935,0.148,0.462,462.4
GSE184198,Homo sapiens,10x_suspect,115818,11985,9008187,72113440,9170466,7.864,0.1403,0.514,513.9
GSE158849,Danio rerio,10xv3,97560,6554,9271872,74201196,7756829,9.566,0.1271,0.584,583.9
GSE197854,Mus musculus,nan,171540,29605,9616971,77054192,11351558,6.788,0.2202,0.35,350.0
GSE190934,Mus musculus,nan,171540,6638,9880558,79071020,10703881,7.387,0.2083,0.38,379.6
GSE130453,Mus musculus,10xv2,171540,3497,10161001,81302000,9678022,8.401,0.2246,0.362,362.1
GSE207991,Mus musculus,10x_suspect,171540,12410,10471535,83821924,10387463,8.07,0.2118,0.396,395.8
GSE215272,Mus musculus,10xv2,171540,5247,10758067,86085528,9848412,8.741,0.2094,0.411,411.0
GSE132533,Mus musculus,10xv3,171540,409348,11066761,90171484,16679273,5.406,0.6637,0.136,135.9
GSE194427,Mus musculus,nan,171540,6200,11492432,91964260,11254350,8.171,0.1998,0.46,460.2
GSE163781,Homo sapiens,nan,115818,9114,11913461,95344148,11150238,8.551,0.1607,0.593,593.4
GSE266576,Macaca mulatta,10xv3,106296,23383,12203942,97725072,13318428,7.338,0.1607,0.608,608.2
GSE185044,Mus musculus,10xv3,171540,1203,12541133,100333880,10153996,9.881,0.3045,0.33,329.6
GSE308102,Mus musculus,10x_suspect,171540,41549,13014874,104285192,11317095,9.215,0.2322,0.449,449.2
GSE266789,Homo sapiens,10xv3,115818,2109,13423608,107397304,10473859,10.254,0.2499,0.43,429.8
GSE198347,Mus musculus,nan,171540,31499,13637228,109223824,14596581,7.483,0.2319,0.471,471.0
GSE137846,Homo sapiens,nan,115818,7454,13838219,110735572,13578907,8.155,0.1872,0.592,591.7
GSE223636,Danio rerio,10x_multiome,97560,5854,14250873,114030404,11405998,9.997,0.1533,0.744,743.9
GSE284230,Homo sapiens,10x_suspect,115818,123438,14659944,117773308,20110817,5.856,0.309,0.381,381.1
GSE254964,Mus musculus,10xv3,171540,67438,15057741,120731684,16234028,7.437,0.3414,0.354,353.6
GSE150338,Mus musculus,10xv3,171540,100172,15379968,123440436,22125110,5.579,0.342,0.361,361.0
GSE136162,Drosophila melanogaster,10x_suspect,72834,71769,15686708,125780744,15706407,8.008,0.2051,0.613,613.3
GSE276864,Mus musculus,10x_suspect,171540,7909,16012395,128130800,14655993,8.743,0.2393,0.535,535.4
GSE188478,Homo sapiens,10xv3,115818,16114,16431567,131516996,15198688,8.653,0.1664,0.79,790.3
GSE216189,Mus musculus,bd_rhapsody,171540,31795,16824105,134720024,16319836,8.255,0.2546,0.529,529.1
GSE220737,Mus musculus,10x_suspect,171540,1744,17170893,137374124,13794327,9.959,0.3192,0.43,430.3
GSE288490,Homo sapiens,10xv2,115818,7824,17823046,142615668,15947142,8.943,0.2098,0.68,679.7
GSE201605,Mus musculus,nan,171540,3111,18299413,146407752,14550644,10.062,0.2766,0.529,529.3
GSE121034,Mus musculus,10xv2,171540,10452,18699774,149640004,15763913,9.493,0.2474,0.605,604.9
GSE186403,Homo sapiens,10xv3,115818,8563,19160109,153315128,15143975,10.124,0.1999,0.767,767.1
GSE178641,Homo sapiens,10xv3,115818,26088,19846083,158873020,17073550,9.305,0.2086,0.762,761.7
GSE137478,Mus musculus,10xv2,171540,13672,20181993,161510636,17967917,8.989,0.2656,0.608,608.1
GSE210251,Danio rerio,10x_atac,97560,12425,20557369,164508656,18509246,8.888,0.2518,0.653,653.3
GSE210645,Mus musculus,nan,171540,7862,21114946,168951020,17197604,9.824,0.273,0.619,618.9
GSE260983,Mus musculus,10x_suspect,171540,9027,21553121,172461080,17895891,9.637,0.2738,0.63,629.8
GSE181290,Homo sapiens,nan,115818,12883,21897771,175233704,17773202,9.859,0.2056,0.852,852.3
GSE142529,Mus musculus,10xv3,171540,4909,22194155,177572880,19012632,9.34,0.3438,0.517,516.6
GSE262502,Mus musculus,10x_suspect,171540,15570,22516880,180197324,19275326,9.349,0.2695,0.669,668.7
GSE152841,Mus musculus,10xv2,171540,16274,23048344,184451852,19389675,9.513,0.2514,0.734,733.7
GSE125838,Homo sapiens,nan,115818,5041,23519909,188179440,17683833,10.641,0.2208,0.852,852.2
GSE216599,Mus musculus,nan,171540,10541,23965929,191769600,23433941,8.183,0.283,0.678,677.6
GSE154278,Mus musculus,10x_suspect,171540,10940,24444631,195600812,20847558,9.382,0.2633,0.743,742.8
GSE198758,Mus musculus,10x_suspect,171540,7458,24898944,199221388,21135196,9.426,0.3002,0.664,663.7
GSE288733,Mus musculus,10xv2,171540,25507,25318154,202647264,24204236,8.372,0.2992,0.677,677.2
GSE246768,Mus musculus,10xv3,171540,79204,25635914,205404132,25758024,7.974,0.3945,0.521,520.6
GSE219253,Homo sapiens,10xv3,115818,170541,26026587,208894864,29274793,7.136,0.3868,0.54,540.1
GSE249735,Homo sapiens,dnbelab,115818,14252,26404557,211293468,22273467,9.486,0.2281,0.926,926.5
GSE256526,Homo sapiens,10x_suspect,115818,22487,26852549,214910344,22341592,9.619,0.229,0.938,938.5
GSE206368,Mus musculus,10xv3,171540,22535,27466773,219824328,24292407,9.049,0.2926,0.751,751.2
GSE178941,Mus musculus,10xv3_5prime,171540,74830,28047669,224680676,29357147,7.653,0.3435,0.654,654.2
GSE190475,Homo sapiens,10xv3,115818,46800,28567020,228723364,25599219,8.935,0.2649,0.864,863.5
GSE283137,Mus musculus,10xv3,171540,4483,29189843,233536680,22049128,10.592,0.3211,0.727,727.4
GSE241296,Danio rerio,10x_suspect,97560,79248,29715743,238042940,30576270,7.785,0.3069,0.776,775.6
GSE199491,Mus musculus,10xv3,171540,25034,30504051,244132548,26404191,9.246,0.2935,0.832,831.9
GSE239941,Mus musculus,10xv2,171540,10707,31011651,248136040,26171075,9.481,0.2828,0.878,877.5
GSE183326,Homo sapiens,10xv3,115818,7486,31626602,253042764,24993318,10.124,0.2781,0.91,909.7
GSE162692,Homo sapiens,10xv2,115818,17986,32251155,258081188,27535649,9.373,0.237,1.089,1088.8
GSE203026,Mus musculus,10x_suspect,171540,6337,32731251,261875360,26008537,10.069,0.3185,0.822,822.3
GSE293526,Mus musculus,10x_suspect,171540,4111,33375115,267017368,26994769,9.891,0.4028,0.663,662.9
GSE310290,Mus musculus,10xv2,171540,25099,33873198,271085984,27657340,9.802,0.3179,0.853,852.7
GSE245537,Mus musculus,10xv3,171540,213886,34318583,275404212,41733015,6.599,0.6458,0.426,426.5
GSE293537,Mus musculus,10xv3,171540,42328,34744039,278121628,33437898,8.318,0.3286,0.846,846.4
GSE218156,Mus musculus,10xv3,171540,41161,35286098,282453432,31589340,8.941,0.3425,0.825,824.7
GSE182320,Mus musculus,10xv3,171540,45342,36311879,290676404,32335275,8.989,0.3353,0.867,867.0
GSE130597,Mus musculus,nan,171540,194321,36977816,296599816,40637487,7.299,0.5483,0.541,541.0
GSE280982,Homo sapiens,10x_suspect,115818,32839,37711928,301826784,35398922,8.526,0.302,0.999,999.3
GSE178910,Homo sapiens,10xv3,115818,15261,38778170,310286408,29630303,10.472,0.2712,1.144,1144.1
GSE286541,Mus musculus,10x_suspect,171540,126541,39237873,314409152,45532064,6.905,0.4886,0.643,643.5
GSE178226,Mus musculus,10xv3,171540,145848,39610068,317463940,36966907,8.588,0.5467,0.581,580.7
GSE197858,Mus musculus,10xv2,171540,12373,40309714,322527208,29917444,10.781,0.3062,1.053,1053.3
GSE146619,Mus musculus,10xv2,171540,271812,41123173,330072636,51227947,6.443,0.6846,0.482,482.1
GSE270109,Homo sapiens,10xv3,115818,81281,41638582,333433784,38887798,8.574,0.4374,0.762,762.2
GSE201776,Mus musculus,10x_suspect,171540,7860,42285673,338316828,32537924,10.398,0.3439,0.984,983.9
GSE202882,Mus musculus,nan,171540,11417,42773611,342234560,32817975,10.428,0.3541,0.966,966.5
GSE306581,Mus musculus,dnbelab,171540,42193,43365139,347089888,36125189,9.608,0.3481,0.997,997.0
GSE203352,Mus musculus,10x_suspect,171540,17660,44116694,353004196,36465405,9.681,0.3333,1.059,1059.3
GSE184766,Mus musculus,10x_suspect,171540,11041,44682852,357506984,36155712,9.888,0.3527,1.014,1013.7
GSE275095,Mus musculus,10xv3,171540,18050,45457775,363734404,36902109,9.857,0.3502,1.039,1038.6
GSE269660,Mus musculus,10x_suspect,171540,13368,46020246,368215444,37232086,9.89,0.4009,0.919,918.5
GSE240517,Mus musculus,nan,171540,17794,46850458,374874844,36817388,10.182,0.3337,1.123,1123.3
GSE163793,Homo sapiens,10xv3_5prime,115818,23646,47534635,380371668,39026733,9.746,0.3586,1.061,1060.6
GSE150578,Homo sapiens,nan,115818,37684,48859281,391024988,40478900,9.66,0.3596,1.087,1087.3
GSE260685,Homo sapiens,10xv2,115818,62954,49601669,397065172,43159367,9.2,0.3874,1.025,1024.8
GSE134134,Mus musculus,10xv3,171540,225593,50426719,404316128,53393370,7.572,0.6064,0.667,666.7
GSE252454,Mus musculus,10xv3,171540,31659,51213589,409835352,45015155,9.104,0.4605,0.89,890.0
GSE202691,Mus musculus,10xv2,171540,17986,51813042,414576284,40033821,10.356,0.3603,1.151,1150.7
GSE268818,Mus musculus,10x_suspect,171540,233942,52376167,419945108,56986022,7.369,0.6786,0.619,618.8
GSE181163,Mus musculus,10x_suspect,171540,13085,53321892,426627480,44070055,9.681,0.457,0.933,933.5
GSE243292,Homo sapiens,10x_suspect,115818,128770,53952659,432136356,53837822,8.027,0.4976,0.869,868.5
GSE117792,Mus musculus,nan,171540,67166,54558075,436733268,44364864,9.844,0.4532,0.964,963.6
GSE260952,Mus musculus,10xv3,171540,27800,55503601,444140012,44039075,10.085,0.4347,1.022,1021.7
GSE262292,Mus musculus,10x_suspect,171540,13737,56312875,450557952,41315257,10.905,0.4196,1.074,1073.7
GSE275537,Danio rerio,10xv3,97560,27941,57363554,459020200,48497397,9.465,0.3374,1.36,1360.4
GSE287386,Homo sapiens,10xv3,115818,14442,58143930,465209212,48271741,9.637,0.4099,1.135,1134.9
GSE281084,Mus musculus,10xv3,171540,9651,59093410,472785888,45514787,10.388,0.407,1.162,1161.6
GSE178957,Mus musculus,10xv3,171540,1852887,60154995,488651512,93091768,5.249,2.5856,0.189,189.0
GSE221184,Mus musculus,10xv3,171540,12380,60909345,487324284,47718184,10.213,0.4848,1.005,1005.2
GSE193914,Mus musculus,10x_suspect,171540,14884,61549463,492455244,44823976,10.986,0.38,1.296,1295.9
GSE278251,Mus musculus,10x_suspect,171540,10976,62320046,498604276,50759869,9.823,0.5129,0.972,972.0
GSE248450,Homo sapiens,10xv2,115818,15703,63063559,504571288,44872878,11.244,0.3422,1.474,1474.5
GSE308840,Mus musculus,10x_suspect,171540,257611,64037526,513330656,62941242,8.156,0.7404,0.693,693.3
GSE218465,Mus musculus,nan,171540,149115,64937793,520098808,58893807,8.831,0.6897,0.754,754.1
GSE249513,Homo sapiens,10x_suspect,115818,152697,65964518,528326936,69050974,7.651,0.584,0.905,904.6
GSE266190,Mus musculus,10x_suspect,171540,12256,66858952,534920644,48984902,10.92,0.4613,1.159,1159.5
GSE182202,Mus musculus,10x_multiome,171540,26195,68193581,545653432,53152282,10.266,0.4795,1.138,1137.9
GSE241877,Mus musculus,10x_suspect,171540,18226,69313278,554579132,55122330,10.061,0.4781,1.16,1159.9
GSE281346,Mus musculus,10xv3,171540,17129,70518496,564216488,49695739,11.353,0.4025,1.402,1401.8
GSE146170,Homo sapiens,nan,115818,49385,71557993,572661488,58972704,9.711,0.4088,1.401,1400.9
GSE311407,Mus musculus,10xv3,171540,12972,72973565,583840412,53628328,10.887,0.5005,1.166,1166.4
GSE216033,Unknown,10xv3,107010,27904,73851877,590926636,58240968,10.146,0.4086,1.446,1446.3
GSE273561,Mus musculus,10xv3,171540,17692,74851566,598883300,54487108,10.991,0.4762,1.258,1257.6
GSE275820,Homo sapiens,10xv3,115818,58252,75925164,607634324,64463759,9.426,0.5013,1.212,1212.2
GSE220071,Gallus gallus,10xv3,90324,102779,76775296,614613488,69759962,8.81,0.4893,1.256,1256.2
GSE263094,Mus musculus,10xv3,171540,19194,77575368,620679724,62059357,10.001,0.5273,1.177,1177.2
GSE222791,Homo sapiens,10x_suspect,115818,136294,78615171,629466548,75522162,8.335,0.6168,1.021,1020.5
GSE256339,Mus musculus,10xv3,171540,17643,79484468,635946320,57299353,11.099,0.5665,1.123,1122.5
GSE290798,Homo sapiens,10x_suspect,115818,93106,81254580,650409068,73861984,8.806,0.5799,1.122,1121.6
GSE146437,Mus musculus,10xv2,171540,33340,82124556,657129812,63783832,10.302,0.4954,1.327,1326.6
GSE185721,Mus musculus,10xv3,171540,28980,83420325,667478524,63532592,10.506,0.5586,1.195,1194.8
GSE261829,Mus musculus,nan,171540,25939,84807624,678564752,66248979,10.243,0.5642,1.203,1202.7
GSE223109,Mus musculus,10xv3,171540,19185,85846191,686846272,67434017,10.185,0.5988,1.147,1147.1
GSE201546,Unknown,nan,80565,148011,87010698,696677632,76656490,9.088,0.5657,1.232,1231.6
GSE266671,Mus musculus,10xv3,171540,14607,88411061,707346920,65289715,10.834,0.5912,1.197,1196.5
GSE130879,Mus musculus,nan,171540,88821,90173131,721740336,79345501,9.096,0.5943,1.214,1214.4
GSE200862,Mus musculus,10xv3,171540,30957,91303725,730553632,71130870,10.271,0.5846,1.25,1249.7
GSE278497,Homo sapiens,dnbelab,115818,74831,92836430,742990768,74056525,10.033,0.5873,1.265,1265.0
GSE201610,Mus musculus,10x_suspect,171540,17237,94384846,755147720,65198570,11.582,0.5498,1.374,1373.5
GSE247392,Mus musculus,10xv3,171540,19312,96770802,774243668,72621876,10.661,0.6102,1.269,1268.9
GSE194214,Homo sapiens,10xv3,115818,80614,97956992,783978396,74141361,10.574,0.6605,1.187,1186.9
GSE311353,Mus musculus,10x_suspect,171540,46495,100192687,801727480,81415129,9.847,0.5762,1.391,1391.4
GSE256274,Unknown,10xv3,98499,1074040,102267004,822432196,121972608,6.743,1.7963,0.458,457.8
GSE253051,Mus musculus,10xv3,171540,318199,103783176,831538208,107417321,7.741,1.0199,0.815,815.3
GSE212351,Mus musculus,10x_suspect,171540,245120,105164499,842296476,96734858,8.707,0.9201,0.915,915.4
GSE259342,Mus musculus,10xv3,171540,15577,107544184,860415784,75031398,11.467,0.6671,1.29,1289.7
GSE264737,Mus musculus,nan,171540,29869,110050209,880521152,83498503,10.545,0.5883,1.497,1496.7
GSE307631,Homo sapiens,10xv3,115818,232387,111333449,891597144,108967740,8.182,0.896,0.995,995.1
GSE193451,Unknown,10xv3,98499,84506,114356169,915187380,93051254,9.835,0.6567,1.394,1393.5
GSE254914,Mus musculus,10xv3,171540,21404,116339107,930798476,83711059,11.119,0.6786,1.372,1371.6
GSE244215,Mus musculus,10x_suspect,171540,35446,118503291,948168116,93578040,10.132,0.7203,1.316,1316.4
GSE209763,Mus musculus,10x_suspect,171540,37839,121591464,972883072,91246355,10.662,0.7571,1.285,1285.0
GSE313497,Mus musculus,10xv3,171540,74026,123909881,991575156,105619927,9.388,0.821,1.208,1207.8
GSE156110,Homo sapiens,10x_suspect,115818,28344,126204325,1009747980,103278650,9.777,0.7719,1.308,1308.1
GSE295692,Rattus norvegicus,10x_suspect,91686,52743,128261696,1026304544,97007440,10.58,0.6022,1.704,1704.1
GSE213243,Homo sapiens,10xv3,115818,40090,131251273,1050170548,105730090,9.933,0.7524,1.396,1395.7
GSE309972,Mus musculus,10xv3,171540,47299,133202157,1065806456,103192314,10.328,0.7824,1.362,1362.2
GSE305068,Mus musculus,10xv3,171540,43363,136236396,1090064624,104020581,10.479,0.8176,1.333,1333.3
GSE118184,Homo sapiens,10x_suspect,115818,320911,138660145,1110564808,136445102,8.139,1.1377,0.976,976.1
GSE271609,Homo sapiens,10xv3,115818,24915,141172309,1129478136,97999330,11.525,0.6412,1.762,1761.6
GSE276160,Homo sapiens,10xv3,115818,30442,144734065,1157994292,102534644,11.294,0.7712,1.501,1501.5
GSE145388,Mus musculus,10x_suspect,171540,68736,146744819,1174233500,113658398,10.331,0.8705,1.349,1348.9
GSE255447,Mus musculus,10xv3,171540,30133,149861584,1199013208,104343582,11.491,0.714,1.679,1679.3
GSE118545,Mus musculus,dropseq,171540,1109861,152702388,1226058552,188898224,6.491,2.2523,0.544,544.3
GSE186558,Mus musculus,10x_suspect,171540,72962,155695170,1245853212,126024549,9.886,0.934,1.334,1333.9
GSE291781,Mus musculus,10xv3,171540,867199,159255406,1277512048,175271102,7.289,1.9666,0.65,649.6
GSE150358,Mus musculus,10xv3,171540,34833,163942109,1311676208,122999161,10.664,0.9402,1.395,1395.1
GSE256025,Mus musculus,10xv3,171540,165603,168218658,1346411680,137081077,9.822,1.1437,1.177,1177.3
GSE296841,Mus musculus,10x_multiome,171540,218912,171373756,1371865700,143755929,9.543,1.2119,1.132,1132.0
GSE204704,Homo sapiens,10xv3,115818,111155,176632304,1413503056,142158591,9.943,1.0469,1.35,1350.2
GSE271984,Homo sapiens,10xv3,115818,275120,181444586,1452657172,165690637,8.767,1.301,1.117,1116.5
GSE292667,Mus musculus,10xv4,171540,65141,186738811,1494171056,146189341,10.221,1.0724,1.393,1393.2
GSE107185,Homo sapiens,10x_suspect,115818,40626,192643822,1541313084,135343783,11.388,1.006,1.532,1532.1
GSE220466,Mus musculus,10x_suspect,171540,32499,196859135,1575003080,139669418,11.277,1.1893,1.324,1324.3
GSE214413,Mus musculus,nan,171540,202955,201636571,1613904392,173854455,9.283,1.3424,1.202,1202.2
GSE243429,Mus musculus,10xv3,171540,35393,206372716,1651123304,139477237,11.838,1.1157,1.48,1480.0
GSE241060,Homo sapiens,10xv3,115818,19682,213231256,1705928780,149101422,11.441,1.195,1.428,1427.5
GSE213330,Homo sapiens,10xv3,115818,247142,222474470,1780784332,187866139,9.479,1.419,1.255,1255.0
GSE260749,Mus musculus,10xv3,171540,36695,230587619,1844847736,184149724,10.018,1.3441,1.373,1372.6
GSE197731,Mus musculus,10x_suspect,171540,55875,234613839,1877134216,182082286,10.309,1.3838,1.357,1356.6
GSE290822,Homo sapiens,10xv3,115818,127947,241489431,1932427240,198763790,9.722,1.3958,1.384,1384.5
GSE182786,Homo sapiens,10xv3,115818,115223,246167762,1969802992,213665620,9.219,1.4143,1.393,1392.8
GSE267719,Mus musculus,10xv3,171540,92833,256529583,2052608000,194027780,10.579,1.3954,1.471,1471.0
GSE274973,Mus musculus,10xv3,171540,409655,263500865,2109645544,222583752,9.478,1.8399,1.147,1146.6
GSE278043,Homo sapiens,10xv3,115818,82147,271894299,2175482984,189501403,11.48,1.3649,1.594,1593.8
