cycle	timestamp	hypothesis	result	before	after	gain	next
1	2026-04-10 16:02 EDT	M2.1 baseline measurement + .1fq FIFO fix	win	~194s (extrapolated)	123.1s (measured)	first actual measurement; 36% below extrapolation; 3.1s above target	Test .1fq temp-file decode path; close 3.1s gap to ≤120s target
2	2026-04-10 17:32 EDT	Fix .1fq R2 corruption + parallelize decode	win	144.3s (30s decode, R2 corruption)	117.9s (7.6s decode, mapping 86.4%)	-18% wall time, M2.1 target met (<=120s)	STAR alignment optimization: S2 Adaptive Reference Priority or S3 K-mer Pre-screening
3	2026-04-10 18:47 EDT	PGO for singlify integrated binary + .1fq re-encoding	dead_end	117.9s	~120s	PGO blocked by fork+OpenMP crash	B-track: try downloading corpus samples via prefetch/fastq-dump for M1 expansion; S7 interleaved multi-read SA search
4	2026-04-10 19:14 EDT	Dense accumulator CSC + corpus expansion B-track (C03/C04)	win	CSC=3.79s, M1=1/13, M4=1 protocol	CSC=1.09s, M1 encode+decode=3/13 (C01+C03+C04)	CSC 3.5x faster, pipeline internal ~117s, 2 new encode+decode validated	Add decode subcommand for M1 testing; fix Drop-seq protocol detection; download v2 whitelist
5	2026-04-10 19:21 EDT	Decode subcommand + v2 whitelist + M1/M4 expansion	win	No decode cmd, no v2 whitelist, M4=1 protocol	Decode subcommand added, v2 whitelist downloaded, M4=2 protocols	Unblocked M1 testing for all protocols; C03 10xv2 pipeline passes end-to-end	Fix Drop-seq protocol detection for C04; start STAR S2 (Adaptive Reference Priority); test more corpus samples
6	2026-04-10 19:33 EDT	M1/M4 corpus expansion: C06 sci-RNA-seq3 + C07 ddSEQ downloads	win	M1=3 encode+decode, M4=2 pipelines	M1=4 encode+decode (added C06 sci-RNA-seq3), C07 ddSEQ downloading (60%)	C06 sci-RNA-seq3 48M reads encoded+decoded+CRC verified. C07 discovered to be ddSEQ not 10xv3_5prime (new protocol family)	Test C07 ddSEQ decode when done; investigate C04 Drop-seq protocol detection; start STAR S2 for A-track
7	2026-04-10 19:39 EDT	C07 ddSEQ validation + protocol name fix	win	M1=4 encode+decode	M1=5 encode+decode (C01 arc-gex, C03 10xv2, C04 Drop-seq, C06 sci-RNA-seq3, C07 ddSEQ)	5th protocol validated (ddSEQ/Bio-Rad); decode shows correct protocol names for all 24 specs	Fix Drop-seq protocol detection; get whitelists for sci-RNA-seq3 and ddSEQ; investigate STAR S2
8	2026-04-10 20:08 EDT	--max-reads + --whitelist None for M4 expansion	win	M4=2/8 protocol families	M4=5/8 protocol families (10x-v2, v3, v4, 5p, Drop-seq)	M4: 2→5 families, +3 new pipeline passes	Cycle 9: inDrop/sci-RNA-seq3/BD Rhapsody for M4=8/8, or manuscript update
9	2026-04-10 20:36 EDT	CB_UMI_Complex→CB_samTagOut fallback for complex barcode protocols	win	5 protocol families (M4=5/8)	7 protocol families (M4=7/8)	2 new families: sci-RNA-seq3, BD Rhapsody/ddSEQ	Fix inDrop R1/R2 swap for M4=8/8, then manuscript update
10	2026-04-10 20:50 EDT	Inverted R1/R2 detection for inDrop and similar protocols	win	7 protocol families (M4=7/8)	8 protocol families (M4=8/8)	M4.1 TARGET MET: 8/8 protocol families	STAR optimization (S2: Adaptive Reference Priority) or additional corpus testing
13	2026-04-10 21:32 EDT	S2 genome page access profiling	dead_end	S2 untested (assumed concentrated)	S2 ceiling 3pct total (L3 covers 15pct of accesses)	Critical negative result: gene expression concentration does NOT predict SA binary search access concentration	S7 interleaved multi-read binary search OR B-track corpus expansion
13	2026-04-10 21:32 EDT	S2 genome page access profiling	dead_end	S2 untested	S2 ceiling 3pct	L3 covers only 15pct of SA accesses	S7 or corpus expansion
14	2026-04-10 21:43 EDT	STAR parameter tuning + C09 multiome corpus	dead_end	outFilterMultimapNmax=10	Nmax=1 gives 2.1pct (noise)	Parameter tuning exhausted. C09 multiome CB_UMI_Complex needs investigation.	S7 interleaved binary search design or pileup/format optimization
15	2026-04-10 21:51 EDT	Increase decode threads for M2.1 safety	win	decode 7.6s (8T), internal 117s	decode 5.9s (16T), internal 114.4-115.6s	-1.7s decode, small pipeline improvement	S7 interleaved binary search or manuscript update
16	2026-04-10 22:07 EDT	Barcode auto-discovery for --whitelist None protocols	win	manual --barcodes required	automatic barcode extraction from decoded reads	enables fully automatic pipeline for Drop-seq/inDrop/complex protocols	Re-encode corrupt .1fq files (SRR25447463), test more corpus samples for M1/M4 expansion
17	2026-04-10 22:44 EDT	Expand pipeline coverage: test untested .1fq samples and fix CB_UMI_Complex discovery	win	CB_UMI_Complex protocols had 0 barcoded reads, C04 failed	All tested samples produce data: 9/9 pipeline passes	Fixed CB_UMI_Complex barcode position discovery, C04/C06/C07 now produce real output	Investigate wrong_strand issue for C10/C07, explore S7 interleaved binary search
18	2026-04-10 22:56 EDT	Add --reverse-strand for 5-prime protocol strand orientation	win	5-prime protocols had 55-64 percent wrong_strand	reverse-strand flag and auto-detection for 5-prime protocols	C10 exon hits: 25K to 115K with reverse-strand	Update manuscript, explore S7 interleaved binary search design, or test M2.1 regression
19	2026-04-10 23:02 EDT	M2.1 regression test after PileupEngine refactoring	win	M2.1 internal 114.4-115.6s	M2.1 internal 114.3-115.1s	No regression confirmed	Start S7 interleaved binary search design, or continue corpus expansion
20	2026-04-10 23:10 EDT	C11 mouse sample download and cross-species pipeline test	dead_end	no mouse .1fq available	C11 downloaded (5M reads) but 99.85pct unmapped to GRCm39	Identified C11 SRR34789664 as bad sample for corpus (non-mapping reads)	Replace C11 with different mouse SRR, or start S7 interleaved binary search design
22	2026-04-10 23:53 EDT	PGO for singlify integrated binary via star_pgo_trainer	dead_end	118.8s wall (c001, non-PGO, 16T)	119.1s wall (c001, PGO star_objects, 16T)	0% wall at 16T (−5% CPU); −3.4% wall at 8T	Cycle 23: assess remaining STAR opportunities vs .1fq compression
23	2026-04-11 00:34 EDT	Wrong-strand diagnostic warning	win	no warning	91% wrong-strand warning on SRR20020820	UX improvement	Cycle 24: explore early wrong-strand auto-flip or additional M3.1 validation
24	2026-04-11 00:50 EDT	Auto-detect 5-prime strand + fix intron reverse_strand	win	131K exon hits on 5-prime sample	1.4M exon hits with auto-flip	10.6x exon recovery for 5-prime	Cycle 25: manuscript update, test additional corpus samples, or .1fq compression
252026-04-11 00:57 EDTCorpus C12 + auto-strand validationwin11 validated12 validated1 new corpus sampleCycle 26: compression or protocol testing
25	2026-04-11 00:57 EDT	Corpus C12 plus auto-strand validation	win	11 validated	12 validated	1 new corpus sample	Cycle 26: compression or protocol testing
26	2026-04-11 01:01 EDT	Enhanced stats JSON + C12 corpus + .1fq analysis	win	basic pileup_stats.json	enhanced with strand/barcode/timing	batch QC ready	Cycle 27: .1fq per-column compression or additional protocol coverage
27	2026-04-11 01:25 EDT	Bump default zstd compression level from 3 to 4	win	1098 MB (40M reads, zstd-3)	1043 MB (40M reads, zstd-4)	-5.1% file size, +7% encode time	Investigate per-column codec selection (F3) or begin M4.3 graceful failure testing
27	2026-04-11 01:25 EDT	Bump default zstd compression level from 3 to 4	win	1098 MB (40M reads, zstd-3)	1043 MB (40M reads, zstd-4)	-5.1pct file size, +7pct encode time	F3 per-column codec selection or M4.3 graceful failure testing
28	2026-04-11 01:29 EDT	M4.3 graceful failure testing + fix	win	SIGABRT (exit 134) on bad inputs	Clean EXIT=1 with error message	10/10 failure scenarios handled	Manuscript update, then continue F-track or start M4.4 batch prep
29	2026-04-11 01:31 EDT	Manuscript update + M4.3 documentation	win	Manuscript missing cycles 27-28 results	Manuscript updated with auto-strand, zstd-4, M4.3	21-page manuscript current	M4.4 batch preparation or further F-track compression
32	2026-04-11 02:04 EDT	M4.4 batch testing: empty R2 guard + 26-sample survey	win	2/5 pilot PASS, 2 STAR crashes on empty R2	18/26 PASS (69%), empty R2 guard catches misclassified samples	STAR crash→clean EXIT=1 for empty R2; 69% pass rate established	Protocol detection improvement or F-track compression
35	2026-04-11 02:47 EDT	M4.4 complete protocol coverage (68 samples)	win	50 tested, 64% pass	68 tested, 66% overall, 82% known scRNA	indrop 100%, 10x_multiome 100%, bd_rhapsody 80%	Protocol detection improvement for 10xv3, or STAR S-track
36	2026-04-11 02:58 EDT	F4: zstd dictionary training for .1fq blocks	dead_end	no_dict	dict worse (-5%)	0%	Evaluate remaining F-track opportunities; test remaining M4.4 scirna/parse samples; begin S7 interleaved binary search research
37	2026-04-11 03:19 EDT	B-track: Complete M4.4 batch testing (98/100 samples)	win	68 tested (66%)	98 tested (62% data-quality, 87% pipeline-ok)	30 new samples, 0 crashes	Evaluate per-column codec selection (F3); analyze parse/scirna protocol detection; begin S7 design
38	2026-04-11 03:41 EDT	Cross-dataset + cross-species pipeline benchmark	win	single-dataset benchmark only	7 datasets, 2 species, 5 protocols benchmarked	generalization validated	Manuscript improvement with benchmark table; evaluate remaining optimization opportunities
39	2026-04-11 03:50 EDT	Cross-dataset diagnosis + manuscript improvement	win	single-sample benchmarks only	7-sample cross-dataset table in manuscript; 3 data quality issues diagnosed	generalization documented	README improvement; mouse genome full-scale benchmark; explore encode efficiency
40	2026-04-11 04:10 EDT	Genome SharedMemory + README + stability verification	dead_end	NoSharedMemory baseline	LoadAndKeep is slower (+8s overhead)	none, dead end. README updated, all tests pass	Encode C02 (SRR27329891, 123M 10xv3) for large-scale benchmark; manuscript supplementary material
41	2026-04-11 05:14 EDT	C02 large-scale benchmark with adapter contamination fix	win	0% mapped (adapter contamination)	91.3% mapped, 621s wall, 29M exon, 41K BCs	C02 validated: largest sample (123.6M reads) passes full pipeline	Cycle 42: Poll for new resources, consider auto-adapter detection or S-track STAR optimizations
42	2026-04-11 05:37 EDT	Auto-adapter detection + C07 benchmark	win	Manual --r2-maxlen needed for adapter samples	Auto-detects at position 50, C07 485.8s/55.8M reads	Auto-adapter detection shipped (C02 verified), C07 full-size benchmark added	Cycle 43: Explore remaining corpus samples or S-track STAR optimization
43	2026-04-11 06:05 EDT	Parallel barcode discovery during decode	win	120.6s wall (111.6s internal)	113.3s wall (105.2s internal)	-6.0% wall, -5.7% internal	Assess next optimization target: decode overhead reduction or STAR micro-optimization
44	2026-04-11 06:21 EDT	uint64 packed BC keys + corpus expansion	win	105.2s internal (string BC keys)	103.8s internal (uint64 packed keys)	-1.3% internal pipeline, 3 new corpus samples	Assess next major optimization: S2 adaptive reference priority or R2 prefix adapter detection
45	2026-04-11 06:29 EDT	R2 5-prime prefix detection + mouse genome validation	win	C11: 3 exon hits (0.19% mapping)	C11: 3.2M exon hits (5.2M mapped)	C11 recovered from 0.19% to 100% mapping; C12 mouse Drop-seq also validated	Assess next: STAR S2 adaptive reference priority, or encode remaining full-size corpus samples
46	2026-04-11 06:52 EDT	Diagnose C05 inDrop encoder corruption	dead_end	C05: Invalid footer magic on 28MB and 1.7GB .1fq files	C05: 5M subset encodes correctly. Files were interrupted downloads of 6B-spot dataset	No code change needed. C05 validated (encoder works). 12/13 M1 confirmed.	Test C13 (parse protocol, SRR35326443) for 13/13 M1; manuscript polish
47	2026-04-11 07:01 EDT	Corpus expansion: C09 10x-multiome + C13 parse; manuscript update	win	12 samples, 8 protocols in cross-dataset table	14 samples, 9 protocols. C09 773K exon (multiome). C13 pipeline pass (parse).	M1: 14/14 encode+decode. M4: 9 protocol families. Manuscript updated with 9-sample cross-dataset table.	Explore pipeline-level optimization: overlap decode with alignment, or try .1fq F-track improvements
48	2026-04-11 07:27 EDT	Fresh PGO training for star_objects	win	Non-PGO: 113s wall, 104s internal, 1510s user CPU	Fresh PGO: 109s wall, 103s internal, 1472s user CPU	-3.7% wall, -2.5% CPU (fresh PGO); +12% regression with stale PGO	Overlap GTF parsing with decode, or explore pipeline-level parallelism
49	2026-04-11 07:56 EDT	Block-limited BC counting (20/81 blocks) to reduce decode overhead	dead_end	8.8s decode, 108.9s wall (PGO baseline)	7.6-8.8s decode, 108.5-114.1s wall (proportional threshold)	Neutral: ~1s decode within noise, -1.8% barcode accuracy	Shift to B/C/D tracks: corpus expansion, ground truth validation, manuscript
50	2026-04-11 08:05 EDT	B-track: C08 BD Rhapsody + C05 validation + manuscript	win	14 samples, 9 protocol families	15 samples, 10 protocol families	Added BD Rhapsody (C08): 655 BCs, 476K exon, 232K intron, 73% barcoded	Continue B-track corpus testing, explore new untested samples
52	2026-04-11 08:49 EDT	Remove --readFilesCommand cat for .1fq temp file I/O	win	109.4s internal, 113.3s wall	100.4s internal, 103.9s wall	-8.2% internal, -8.3% wall, -27.6% sys	FIFO streaming to overlap .1fq decode with STAR, or corpus expansion
53	2026-04-11 09:21 EDT	Thread scaling test with no-cat direct file I/O	win	103.9s wall (20T)	88.4s wall (32T)	minus_15pct_wall	Investigate C04 Drop-seq protocol misdetection, or STAR binary search optimization
54	2026-04-11 09:39 EDT	Cross-dataset re-benchmark + C04 diagnostic	win	various	88.4s C01, 507.6s C02, 95.0s C03, 224.5s C06	12-41pct_improvement	STAR algorithmic optimization or .1fq direct feed
56	2026-04-11 09:54 EDT	SA_INIT_GENOME_PREFETCH in maxMappableLength binary search	win	75.1s pileup, 88.9s wall	68.2s pileup, 82.0s wall	minus_9pct_STAR_minus_8pct_wall	Test genome prefetch on other corpus samples, or next STAR optimization
test	2026-04-11 11:46 EDT	Fix send_cycle_update.sh email delivery	win	No emails sent	Python smtplib with From header	Email delivery restored	Resume optimization sprint
57	2026-04-11 12:33 EDT	N4 whitelist auto-resolution + email fix + N6 validation	win	GATE-A OPEN (N2,N4 missing), email broken	GATE-A CLOSED (N2+N4+N22 all complete), email fixed	Strategic milestone: Tier 2+ biology now unlocked	N1 species auto-detect + N5 EmptyDrops + S7 interleaved search
58	2026-04-11 13:15 EDT	N5 EmptyDrops cell calling + S7 interleaved search	win	No cell calling, S7 untested	EmptyDrops: 6899 cells on C01, 0.16s overhead	Major G3 biology milestone + S7 dead end confirmed	INT-T1 integration + N1 species detection + gold standard regen
59	2026-04-11 14:07 EDT	INT-T1 integration + N1 species detection	win	No species detect, no cell_calls output, unvalidated gold standard	N1 species detect shipped, cell_calls.tsv wired, gene r=0.9998 vs STARsolo regen	3 major features integrated	Bloom filter completion, N14/N15 biology depth, pipeline overlap
60	2026-04-11 15:24 EDT	N14 sex calling + 5-panel regression test	win	No sex calling, stale benchmarks	N14: 3/3 concordance, C02: 593s (3% faster)	N14 shipped + regression check clean	Fix bench_panel protocol configs, N15 ASE, N13 ancestry
